110,100,pepe,pepe
210,200,edu,edu
310,300,tom,tom
410,400,lois,lois
510,500,isa,isa
710,700,lex,lex
1100.12345,1000.12345,cata,cata